Type,Local Number,Message,Field 1,Value 1,Units 1,Field 2,Value 2,Units 2,Field 3,Value 3,Units 3,Field 4,Value 4,Units 4,Field 5,Value 5,Units 5,Field 6,Value 6,Units 6,Field 7,Value 7,Units 7,Field 8,Value 8,Units 8,Field 9,Value 9,Units 9,Field 10,Value 10,Units 10,Field 11,Value 11,Units 11,Field 12,Value 12,Units 12,Field 13,Value 13,Units 13,Field 14,Value 14,Units 14,Field 15,Value 15,Units 15,Field 16,Value 16,Units 16,Field 17,Value 17,Units 17,Field 18,Value 18,Units 18,Field 19,Value 19,Units 19,Field 20,Value 20,Units 20,Field 21,Value 21,Units 21,Field 22,Value 22,Units 22,Field 23,Value 23,Units 23,Field 24,Value 24,Units 24,Field 25,Value 25,Units 25,Field 26,Value 26,Units 26,Field 27,Value 27,Units 27,Field 28,Value 28,Units 28,Field 29,Value 29,Units 29,Field 30,Value 30,Units 30,Field 31,Value 31,Units 31,Field 32,Value 32,Units 32,Field 33,Value 33,Units 33,Field 34,Value 34,Units 34,Field 35,Value 35,Units 35,Field 36,Value 36,Units 36,Field 37,Value 37,Units 37,Field 38,Value 38,Units 38,Field 39,Value 39,Units 39,Field 40,Value 40,Units 40,Field 41,Value 41,Units 41,Field 42,Value 42,Units 42,Field 43,Value 43,Units 43,Field 44,Value 44,Units 44,Field 45,Value 45,Units 45,Field 46,Value 46,Units 46,Field 47,Value 47,Units 47
Definition,0,file_id,serial_number,1,,time_created,1,,manufacturer,1,,product,1,,type,1,,,,,,,,,,,,,,,,,,,,,,,,,,,,,,,,,,,,,,,,,,,,,,,,,,,,,,,,,,,,,,,,,,,,,,,,,,,,,,,,,,,,,,,,,,,,,,,,,,,,,,,,,,,,,,,,,,,,,,,,,,,,,,,
Data,0,file_id,serial_number,3843863754,,time_created,702940946,,manufacturer,15,,garmin_product,1,,type,4,,,,,,,,,,,,,,,,,,,,,,,,,,,,,,,,,,,,,,,,,,,,,,,,,,,,,,,,,,,,,,,,,,,,,,,,,,,,,,,,,,,,,,,,,,,,,,,,,,,,,,,,,,,,,,,,,,,,,,,,,,,,,,,
Definition,0,file_creator,software_version,1,,hardware_version,1,,,,,,,,,,,,,,,,,,,,,,,,,,,,,,,,,,,,,,,,,,,,,,,,,,,,,,,,,,,,,,,,,,,,,,,,,,,,,,,,,,,,,,,,,,,,,,,,,,,,,,,,,,,,,,,,,,,,,,,,,,,,,,,,,,,,,,,,
Data,0,file_creator,software_version,240,,,,,,,,,,,,,,,,,,,,,,,,,,,,,,,,,,,,,,,,,,,,,,,,,,,,,,,,,,,,,,,,,,,,,,,,,,,,,,,,,,,,,,,,,,,,,,,,,,,,,,,,,,,,,,,,,,,,,,,,,,,,,,,,,,,,,,,,,,,
Definition,1,event,timestamp,1,,data,1,,event,1,,event_type,1,,event_group,1,,,,,,,,,,,,,,,,,,,,,,,,,,,,,,,,,,,,,,,,,,,,,,,,,,,,,,,,,,,,,,,,,,,,,,,,,,,,,,,,,,,,,,,,,,,,,,,,,,,,,,,,,,,,,,,,,,,,,,,,,,,,,,,
Data,1,event,timestamp,702940946,s,timer_trigger,0,,event,0,,event_type,0,,event_group,0,,,,,,,,,,,,,,,,,,,,,,,,,,,,,,,,,,,,,,,,,,,,,,,,,,,,,,,,,,,,,,,,,,,,,,,,,,,,,,,,,,,,,,,,,,,,,,,,,,,,,,,,,,,,,,,,,,,,,,,,,,,,,,,
Definition,2,record,timestamp,1,,position_lat,1,,position_long,1,,distance,1,,altitude,1,,speed,1,,,,,,,,,,,,,,,,,,,,,,,,,,,,,,,,,,,,,,,,,,,,,,,,,,,,,,,,,,,,,,,,,,,,,,,,,,,,,,,,,,,,,,,,,,,,,,,,,,,,,,,,,,,,,,,,,,,,,,,,,,,,
Data,2,record,timestamp,702940946,s,position_lat,495280430,semicircles,position_long,-872696681,semicircles,distance,0.02,m,altitude,278.2,m,speed,0,m/s,,,,,,,,,,,,,,,,,,,,,,,,,,,,,,,,,,,,,,,,,,,,,,,,,,,,,,,,,,,,,,,,,,,,,,,,,,,,,,,,,,,,,,,,,,,,,,,,,,,,,,,,,,,,,,,,,,,,,,,,,,,
Data,2,record,timestamp,702940947,s,position_lat,495280430,semicircles,position_long,-872696680,semicircles,distance,0.02,m,altitude,278.2,m,speed,0,m/s,,,,,,,,,,,,,,,,,,,,,,,,,,,,,,,,,,,,,,,,,,,,,,,,,,,,,,,,,,,,,,,,,,,,,,,,,,,,,,,,,,,,,,,,,,,,,,,,,,,,,,,,,,,,,,,,,,,,,,,,,,,
Data,2,record,timestamp,702940948,s,position_lat,495280430,semicircles,position_long,-872696680,semicircles,distance,0.02,m,altitude,278.2,m,speed,0,m/s,,,,,,,,,,,,,,,,,,,,,,,,,,,,,,,,,,,,,,,,,,,,,,,,,,,,,,,,,,,,,,,,,,,,,,,,,,,,,,,,,,,,,,,,,,,,,,,,,,,,,,,,,,,,,,,,,,,,,,,,,,,
Data,2,record,timestamp,702940949,s,position_lat,495280441,semicircles,position_long,-872696702,semicircles,distance,0.21,m,altitude,278.2,m,speed,0,m/s,,,,,,,,,,,,,,,,,,,,,,,,,,,,,,,,,,,,,,,,,,,,,,,,,,,,,,,,,,,,,,,,,,,,,,,,,,,,,,,,,,,,,,,,,,,,,,,,,,,,,,,,,,,,,,,,,,,,,,,,,,,
Data,2,record,timestamp,702940950,s,position_lat,495280448,semicircles,position_long,-872696711,semicircles,distance,0.29,m,altitude,278.2,m,speed,0,m/s,,,,,,,,,,,,,,,,,,,,,,,,,,,,,,,,,,,,,,,,,,,,,,,,,,,,,,,,,,,,,,,,,,,,,,,,,,,,,,,,,,,,,,,,,,,,,,,,,,,,,,,,,,,,,,,,,,,,,,,,,,,
Data,2,record,timestamp,702940951,s,position_lat,495280454,semicircles,position_long,-872696718,semicircles,distance,0.35,m,altitude,278.2,m,speed,0,m/s,,,,,,,,,,,,,,,,,,,,,,,,,,,,,,,,,,,,,,,,,,,,,,,,,,,,,,,,,,,,,,,,,,,,,,,,,,,,,,,,,,,,,,,,,,,,,,,,,,,,,,,,,,,,,,,,,,,,,,,,,,,
Data,2,record,timestamp,702940952,s,position_lat,495280458,semicircles,position_long,-872696724,semicircles,distance,0.41,m,altitude,278.2,m,speed,0,m/s,,,,,,,,,,,,,,,,,,,,,,,,,,,,,,,,,,,,,,,,,,,,,,,,,,,,,,,,,,,,,,,,,,,,,,,,,,,,,,,,,,,,,,,,,,,,,,,,,,,,,,,,,,,,,,,,,,,,,,,,,,,
Data,2,record,timestamp,702940953,s,position_lat,495280503,semicircles,position_long,-872696812,semicircles,distance,1.15,m,altitude,278.2,m,speed,0,m/s,,,,,,,,,,,,,,,,,,,,,,,,,,,,,,,,,,,,,,,,,,,,,,,,,,,,,,,,,,,,,,,,,,,,,,,,,,,,,,,,,,,,,,,,,,,,,,,,,,,,,,,,,,,,,,,,,,,,,,,,,,,
Data,2,record,timestamp,702940954,s,position_lat,495280525,semicircles,position_long,-872696908,semicircles,distance,1.85,m,altitude,278.2,m,speed,0.092,m/s,,,,,,,,,,,,,,,,,,,,,,,,,,,,,,,,,,,,,,,,,,,,,,,,,,,,,,,,,,,,,,,,,,,,,,,,,,,,,,,,,,,,,,,,,,,,,,,,,,,,,,,,,,,,,,,,,,,,,,,,,,,
Data,2,record,timestamp,702940955,s,position_lat,495280558,semicircles,position_long,-872697028,semicircles,distance,2.75,m,altitude,278.2,m,speed,0.152,m/s,,,,,,,,,,,,,,,,,,,,,,,,,,,,,,,,,,,,,,,,,,,,,,,,,,,,,,,,,,,,,,,,,,,,,,,,,,,,,,,,,,,,,,,,,,,,,,,,,,,,,,,,,,,,,,,,,,,,,,,,,,,
Data,2,record,timestamp,702940956,s,position_lat,495280588,semicircles,position_long,-872697129,semicircles,distance,3.51,m,altitude,278.2,m,speed,0.209,m/s,,,,,,,,,,,,,,,,,,,,,,,,,,,,,,,,,,,,,,,,,,,,,,,,,,,,,,,,,,,,,,,,,,,,,,,,,,,,,,,,,,,,,,,,,,,,,,,,,,,,,,,,,,,,,,,,,,,,,,,,,,,
Data,2,record,timestamp,702940957,s,position_lat,495280554,semicircles,position_long,-872697223,semicircles,distance,4.22,m,altitude,278.2,m,speed,0.262,m/s,,,,,,,,,,,,,,,,,,,,,,,,,,,,,,,,,,,,,,,,,,,,,,,,,,,,,,,,,,,,,,,,,,,,,,,,,,,,,,,,,,,,,,,,,,,,,,,,,,,,,,,,,,,,,,,,,,,,,,,,,,,
Data,2,record,timestamp,702940958,s,position_lat,495280479,semicircles,position_long,-872697203,semicircles,distance,4.93,m,altitude,278.2,m,speed,0.307,m/s,,,,,,,,,,,,,,,,,,,,,,,,,,,,,,,,,,,,,,,,,,,,,,,,,,,,,,,,,,,,,,,,,,,,,,,,,,,,,,,,,,,,,,,,,,,,,,,,,,,,,,,,,,,,,,,,,,,,,,,,,,,
Data,2,record,timestamp,702940959,s,position_lat,495280402,semicircles,position_long,-872697257,semicircles,distance,5.73,m,altitude,278.2,m,speed,0.368,m/s,,,,,,,,,,,,,,,,,,,,,,,,,,,,,,,,,,,,,,,,,,,,,,,,,,,,,,,,,,,,,,,,,,,,,,,,,,,,,,,,,,,,,,,,,,,,,,,,,,,,,,,,,,,,,,,,,,,,,,,,,,,
Data,1,event,timestamp,702940959,s,timer_trigger,0,,event,0,,event_type,4,,event_group,0,,,,,,,,,,,,,,,,,,,,,,,,,,,,,,,,,,,,,,,,,,,,,,,,,,,,,,,,,,,,,,,,,,,,,,,,,,,,,,,,,,,,,,,,,,,,,,,,,,,,,,,,,,,,,,,,,,,,,,,,,,,,,,,
Definition,3,lap,timestamp,1,,start_time,1,,start_position_lat,1,,start_position_long,1,,end_position_lat,1,,end_position_long,1,,total_elapsed_time,1,,total_timer_time,1,,total_distance,1,,message_index,1,,total_calories,1,,total_fat_calories,1,,avg_speed,1,,max_speed,1,,total_ascent,1,,total_descent,1,,event,1,,event_type,1,,lap_trigger,1,,sport,1,,,,,,,,,,,,,,,,,,,,,,,,,,,,,,,,,,,,,,,,,,,,,,,,,,,,,,,,,,,,,,,,,,,,,,,,,,,,,,,,,,
Data,3,lap,timestamp,702941091,s,start_time,702940946,,start_position_lat,495280430,semicircles,start_position_long,-872696681,semicircles,end_position_lat,495280402,semicircles,end_position_long,-872697257,semicircles,total_elapsed_time,13.749,s,total_timer_time,13.749,s,total_distance,5.73,m,message_index,0,,total_calories,0,kcal,total_fat_calories,0,kcal,avg_speed,0.417,m/s,max_speed,0.368,m/s,total_ascent,0,m,total_descent,0,m,event,9,,event_type,1,,lap_trigger,7,,sport,1,,,,,,,,,,,,,,,,,,,,,,,,,,,,,,,,,,,,,,,,,,,,,,,,,,,,,,,,,,,,,,,,,,,,,,,,,,,,,,,,,,
Data,1,event,timestamp,702941091,s,data,1,,event,8,,event_type,9,,event_group,1,,,,,,,,,,,,,,,,,,,,,,,,,,,,,,,,,,,,,,,,,,,,,,,,,,,,,,,,,,,,,,,,,,,,,,,,,,,,,,,,,,,,,,,,,,,,,,,,,,,,,,,,,,,,,,,,,,,,,,,,,,,,,,,
Definition,4,session,timestamp,1,,start_time,1,,start_position_lat,1,,start_position_long,1,,total_elapsed_time,1,,total_timer_time,1,,total_distance,1,,message_index,1,,total_calories,1,,total_fat_calories,1,,avg_speed,1,,max_speed,1,,total_ascent,1,,total_descent,1,,first_lap_index,1,,num_laps,1,,event,1,,event_type,1,,sport,1,,sub_sport,1,,trigger,1,,,,,,,,,,,,,,,,,,,,,,,,,,,,,,,,,,,,,,,,,,,,,,,,,,,,,,,,,,,,,,,,,,,,,,,,,,,,,,,
Data,4,session,timestamp,702941091,s,start_time,702940946,,start_position_lat,495280430,semicircles,start_position_long,-872696681,semicircles,total_elapsed_time,13.749,s,total_timer_time,13.749,s,total_distance,5.73,m,message_index,0,,total_calories,0,kcal,total_fat_calories,0,kcal,avg_speed,0.417,m/s,max_speed,0.368,m/s,total_ascent,0,m,total_descent,0,m,first_lap_index,0,,num_laps,1,,event,9,,event_type,1,,sport,1,,sub_sport,0,,trigger,0,,,,,,,,,,,,,,,,,,,,,,,,,,,,,,,,,,,,,,,,,,,,,,,,,,,,,,,,,,,,,,,,,,,,,,,,,,,,,,,
Definition,5,activity,timestamp,1,,total_timer_time,1,,local_timestamp,1,,num_sessions,1,,type,1,,event,1,,event_type,1,,,,,,,,,,,,,,,,,,,,,,,,,,,,,,,,,,,,,,,,,,,,,,,,,,,,,,,,,,,,,,,,,,,,,,,,,,,,,,,,,,,,,,,,,,,,,,,,,,,,,,,,,,,,,,,,,,,,,,,,,
Data,5,activity,timestamp,702941091,,total_timer_time,13.749,s,local_timestamp,702926691,,num_sessions,1,,type,0,,event,26,,event_type,1,,,,,,,,,,,,,,,,,,,,,,,,,,,,,,,,,,,,,,,,,,,,,,,,,,,,,,,,,,,,,,,,,,,,,,,,,,,,,,,,,,,,,,,,,,,,,,,,,,,,,,,,,,,,,,,,,,,,,,,,,
