<?xml version="1.0" encoding="UTF-8"?><?xml-stylesheet type='text/xsl' href='_UpgradeReport_Files/UpgradeReport.xslt'?><UpgradeLog>
<Properties><Property Name="Solution" Value="16-Bit Flash Programmer">
</Property><Property Name="Solution File" Value="C:\Users\c13075\Desktop\16-bit Flash Programmer\16-Bit Flash Programmer.sln">
</Property><Property Name="User Options File" Value="C:\Users\c13075\Desktop\16-bit Flash Programmer\16-Bit Flash Programmer.suo">
</Property><Property Name="Date" Value="Tuesday, October 25, 2011">
</Property><Property Name="Time" Value="10:09 AM">
</Property></Properties><Event ErrorLevel="0" Project="" Source="16-Bit Flash Programmer.sln" Description="File successfully backed up as C:\Users\c13075\Desktop\16-bit Flash Programmer\16-Bit Flash Programmer.sln.old">
</Event><Event ErrorLevel="0" Project="" Source="16-Bit Flash Programmer.suo" Description="File successfully backed up as C:\Users\c13075\Desktop\16-bit Flash Programmer\16-Bit Flash Programmer.suo.old">
</Event><Event ErrorLevel="0" Project="16-Bit Flash Programmer" Source="16-Bit Flash Programmer.vcproj" Description="Converting project file 'C:\Users\c13075\Desktop\16-bit Flash Programmer\16-Bit Flash Programmer.vcproj'.">
</Event><Event ErrorLevel="1" Project="16-Bit Flash Programmer" Source="16-Bit Flash Programmer.vcproj" Description="VCWebServiceProxyGeneratorTool is no longer supported. The tool has been removed from your project settings.">
</Event><Event ErrorLevel="1" Project="16-Bit Flash Programmer" Source="16-Bit Flash Programmer.vcproj" Description="Attribute 'Detect64BitPortabilityProblems' of 'VCCLCompilerTool' is not supported in this version and has been removed during conversion.">
</Event><Event ErrorLevel="1" Project="16-Bit Flash Programmer" Source="16-Bit Flash Programmer.vcproj" Description="Attribute 'Detect64BitPortabilityProblems' of 'VCCLCompilerTool' is not supported in this version and has been removed during conversion.">
</Event><Event ErrorLevel="0" Project="16-Bit Flash Programmer" Source="16-Bit Flash Programmer.vcproj" Description="Done converting to new project file 'C:\Users\c13075\Desktop\16-bit Flash Programmer\16-Bit Flash Programmer.vcxproj'.">
</Event><Event ErrorLevel="3" Project="16-Bit Flash Programmer" Source="16-Bit Flash Programmer.vcproj" Description="Converted">
</Event><Event ErrorLevel="0" Project="" Source="16-Bit Flash Programmer.sln" Description="Solution converted successfully">
</Event><Event ErrorLevel="3" Project="" Source="16-Bit Flash Programmer.sln" Description="Converted">
</Event></UpgradeLog>